Incident No,Response Start Time,Report Time,Incident Type,Responder,Comments,Location
324,14:50,14:30,Room Access,Terry Mortimer,I need to get into my locker,Humanities
52,19:05,19:00,Car Walk,Gerry Mortimer,Car walk to car park 1,Engineering
574,18:12,17:00,Maintenance,Gerry Mortimer,Blown lightbulb in room 2.03 in engineering,Engineering
7,20:22,14:00,Snake Sighting,Gerry Mortimer,Snake outside Hub,Hub
15,15:21,14:00,Snake Sighting,Gerry Mortimer,,Hub
12,15:21,12:00,Fire Alarm,Gerry Mortimer,,Engineering
16,15:22,13:50,Snake Sighting,Gerry Mortimer,,Hub
17,15:22,18:47,Car Walk,Gerry Mortimer,,Hub
14,15:22,17:00,Car Walk,Gerry Mortimer,,Engineering
9,10:32,18:47,Car Walk,Gerry Mortimer,Walk to Education Car Park,Humanities
2,10:32,10:00,Building Access,Gerry Mortimer,I left my thesis on my desk and for some reason my card doesn't work,Engineering
