Incident No,Incident Time,Incident Type,Responder,Comments,Result,Location
1,14:00,Maintenance,Gerry Mortimer,,Escalated,
2,12:00,Fire Alarm,Gerry Mortimer,,Resolved,
3,9:00,Building Access,Terry Mortimer,,Resolved,
4,17:00,Car Walk,Terry Mortimer,,Resolved,
5,14:00,Snake Sighting,Gerry Mortimer,,Escalated,
6,13:50,Snake Sighting,Gerry Mortimer,,Escalated,
7,18:47,Car Walk,Kerry Mortimer,,Resolved,
8,19:00,Car Walk,Kerry Mortimer,,Resolved,
9,10:00,Building Access,Terry Mortimer,,Resolved,
10,11:15,Building Access,Gerry Mortimer,,Resolved,
